,City Name,Country,Latitude,Longitude,Date,Temperature,Humidity,Wind Speed,Clouds
0,kimbe,PG,-5.56,150.15,2019-03-10,76.39,100.0,5.41,92.0
1,paslek,PL,54.06,19.66,2019-03-10,34.0,86.0,8.99,88.0
2,mataura,NZ,-46.19,168.86,2019-03-10,68.0,71.0,1.01,64.0
3,vila velha,BR,-3.71,-38.6,2019-03-10,77.0,94.0,2.24,40.0
4,nemyriv,UA,50.1,23.44,2019-03-10,46.4,70.0,13.42,75.0
5,sorong,ID,-0.86,131.25,2019-03-10,82.96,98.0,5.97,88.0
6,yellowknife,CA,62.45,-114.38,2019-03-10,14.0,78.0,4.7,75.0
7,puerto ayora,EC,-0.74,-90.35,2019-03-10,79.04,97.0,8.99,0.0
8,mumford,GH,5.26,-0.76,2019-03-10,78.14,92.0,4.41,12.0
9,busselton,AU,-33.64,115.35,2019-03-10,73.0,44.0,10.22,0.0
10,tuktoyaktuk,CA,69.44,-133.03,2019-03-10,10.4,78.0,5.82,90.0
11,sistranda,NO,63.73,8.83,2019-03-10,27.0,100.0,5.82,75.0
12,bathsheba,BB,13.22,-59.52,2019-03-10,77.0,65.0,13.87,20.0
13,kapaa,US,22.08,-159.32,2019-03-10,78.8,69.0,17.22,90.0
14,nikolskoye,RU,59.7,30.79,2019-03-10,26.01,85.0,2.24,0.0
15,punta arenas,CL,-53.16,-70.91,2019-03-10,53.6,76.0,19.46,90.0
16,dikson,RU,73.51,80.55,2019-03-10,7.09,83.0,11.56,56.0
17,hithadhoo,MV,-0.6,73.08,2019-03-10,83.27,100.0,5.97,0.0
18,cabo san lucas,MX,22.89,-109.91,2019-03-10,73.4,64.0,4.7,75.0
19,sheksna,RU,59.21,38.5,2019-03-10,31.3,92.0,12.01,76.0
20,bristol,GB,51.45,-2.6,2019-03-10,43.0,74.0,21.92,48.0
21,arraial do cabo,BR,-22.97,-42.02,2019-03-10,79.09,94.0,8.77,44.0
22,kananga,CD,-5.9,22.41,2019-03-10,69.86,94.0,5.64,76.0
23,viedma,AR,-40.81,-62.99,2019-03-10,61.9,45.0,12.01,0.0
24,longyearbyen,NO,78.22,15.63,2019-03-10,3.2,65.0,10.29,20.0
25,tasiilaq,GL,65.61,-37.64,2019-03-10,19.4,62.0,3.36,76.0
26,kupang,ID,-10.16,123.6,2019-03-10,87.8,66.0,6.93,40.0
27,vestmannaeyjar,IS,63.44,-20.27,2019-03-10,29.5,100.0,7.99,0.0
28,new norfolk,AU,-42.78,147.06,2019-03-10,69.01,34.0,10.29,20.0
29,khatanga,RU,71.98,102.47,2019-03-10,-1.69,68.0,8.99,0.0
30,cape town,ZA,-33.93,18.42,2019-03-10,64.99,82.0,10.29,75.0
31,bredasdorp,ZA,-34.53,20.04,2019-03-10,64.4,82.0,13.87,92.0
32,rikitea,PF,-23.12,-134.97,2019-03-10,76.21,100.0,17.72,76.0
33,chuy,UY,-33.69,-53.46,2019-03-10,62.89,88.0,9.78,0.0
34,aklavik,CA,68.22,-135.01,2019-03-10,24.8,53.0,2.24,75.0
35,ushuaia,AR,-54.81,-68.31,2019-03-10,51.8,81.0,26.4,75.0
36,qaanaaq,GL,77.48,-69.36,2019-03-10,-9.16,97.0,9.78,48.0
37,farafangana,MG,-22.82,47.83,2019-03-10,77.92,100.0,1.72,48.0
38,kodiak,US,39.95,-94.76,2019-03-10,34.0,74.0,4.7,20.0
39,atambua,ID,-9.11,124.89,2019-03-10,78.01,100.0,5.64,92.0
40,te anau,NZ,-45.41,167.72,2019-03-10,58.07,95.0,3.85,100.0
41,torbay,CA,47.66,-52.73,2019-03-10,24.01,79.0,9.17,5.0
42,vao,EE,59.1,26.19,2019-03-10,17.8,93.0,6.2,20.0
43,broome,GB,52.47,1.45,2019-03-10,39.0,91.0,17.22,68.0
44,hobart,AU,-42.88,147.33,2019-03-10,69.01,34.0,10.29,20.0
45,albany,US,42.65,-73.75,2019-03-10,39.2,86.0,4.7,90.0
46,port hardy,CA,50.7,-127.42,2019-03-10,42.8,56.0,6.93,90.0
47,castro,CL,-42.48,-73.76,2019-03-10,55.4,82.0,2.84,0.0
48,fuerte olimpo,BR,-21.04,-57.87,2019-03-10,77.2,81.0,6.42,0.0
49,parker,US,39.52,-104.76,2019-03-10,44.6,66.0,6.93,1.0
50,warwick,US,41.7,-71.42,2019-03-10,43.0,100.0,5.82,90.0
51,takoradi,GH,4.89,-1.75,2019-03-10,80.21,100.0,4.74,0.0
52,sao filipe,CV,14.9,-24.5,2019-03-10,71.17,95.0,13.02,0.0
53,zhob,PK,31.34,69.45,2019-03-10,34.67,97.0,2.95,80.0
54,portland,US,45.52,-122.67,2019-03-10,48.2,52.0,9.17,1.0
55,hilo,US,19.71,-155.08,2019-03-10,73.99,69.0,14.99,90.0
56,hasaki,JP,35.73,140.83,2019-03-10,54.0,87.0,19.46,75.0
57,brae,GB,60.4,-1.35,2019-03-10,39.2,99.0,3.36,64.0
58,sulangan,PH,11.14,123.72,2019-03-10,80.71,100.0,5.75,0.0
59,san patricio,PY,-26.98,-56.83,2019-03-10,74.72,76.0,5.41,36.0
60,kulhudhuffushi,MV,6.62,73.07,2019-03-10,81.83,100.0,4.18,0.0
61,pevek,RU,69.7,170.27,2019-03-10,-9.61,84.0,2.62,0.0
62,muroto,JP,33.37,134.14,2019-03-10,60.8,41.0,20.8,40.0
63,norman wells,CA,65.28,-126.83,2019-03-10,28.4,50.0,5.82,75.0
64,tilichiki,RU,60.47,166.1,2019-03-10,10.96,88.0,4.18,56.0
65,carnarvon,ZA,-30.97,22.13,2019-03-10,39.17,68.0,3.29,0.0
66,yar-sale,RU,66.83,70.83,2019-03-10,22.79,91.0,15.48,80.0
67,georgetown,GY,6.8,-58.16,2019-03-10,77.0,83.0,9.17,0.0
68,kruisfontein,ZA,-34.0,24.73,2019-03-10,66.4,92.0,16.04,88.0
69,vila franca do campo,PT,37.72,-25.43,2019-03-10,59.0,82.0,12.75,40.0
70,itarema,BR,-2.92,-39.92,2019-03-10,75.89,96.0,6.64,32.0
71,pakokku,MM,21.33,95.09,2019-03-10,77.42,60.0,4.41,0.0
72,barrow,AR,-38.31,-60.23,2019-03-10,59.33,49.0,9.78,0.0
73,trincomalee,LK,8.58,81.23,2019-03-10,81.07,77.0,5.19,20.0
74,cayenne,GF,4.94,-52.33,2019-03-10,78.8,83.0,8.05,75.0
75,long beach,US,30.35,-89.15,2019-03-10,72.0,100.0,5.82,90.0
76,najran,SA,17.54,44.22,2019-03-10,59.0,28.0,2.73,0.0
77,berlin,DE,52.52,13.39,2019-03-10,37.99,93.0,17.22,75.0
78,san cristobal,EC,-0.39,-78.55,2019-03-10,57.2,93.0,9.17,40.0
79,alta floresta,BR,-9.87,-56.08,2019-03-10,74.81,93.0,2.06,12.0
80,sitka,US,37.17,-99.65,2019-03-10,38.32,62.0,10.22,68.0
81,lompoc,US,34.64,-120.46,2019-03-10,55.4,71.0,9.17,75.0
82,santa marinella,IT,42.04,11.87,2019-03-10,57.2,87.0,8.05,75.0
83,coquimbo,CL,-29.95,-71.34,2019-03-10,60.8,82.0,6.93,0.0
84,nanortalik,GL,60.14,-45.24,2019-03-10,26.89,100.0,27.89,0.0
85,bluff,AU,-23.58,149.07,2019-03-10,94.75,41.0,4.18,0.0
86,vaini,IN,15.34,74.49,2019-03-10,64.4,72.0,2.95,0.0
87,thompson,CA,55.74,-97.86,2019-03-10,3.2,71.0,3.96,20.0
88,makakilo city,US,21.35,-158.09,2019-03-10,80.01,61.0,14.99,90.0
89,ardesen,TR,41.19,40.99,2019-03-10,48.2,87.0,17.22,75.0
90,east london,ZA,-33.02,27.91,2019-03-10,73.24,100.0,23.53,92.0
91,saint-francois,FR,46.42,3.91,2019-03-10,44.6,81.0,4.7,0.0
92,hualmay,PE,-11.1,-77.61,2019-03-10,72.7,80.0,5.86,88.0
93,jamestown,AU,-33.21,138.6,2019-03-10,69.14,92.0,10.78,68.0
94,lima,PE,-12.06,-77.04,2019-03-10,75.2,73.0,12.75,75.0
95,hermanus,ZA,-34.42,19.24,2019-03-10,61.0,98.0,3.85,92.0
96,havre-saint-pierre,CA,50.23,-63.6,2019-03-10,23.0,67.0,9.17,75.0
97,guerrero negro,MX,27.97,-114.04,2019-03-10,52.54,90.0,5.86,0.0
98,kirensk,RU,57.78,108.12,2019-03-10,19.6,60.0,5.41,48.0
99,lahaina,US,20.87,-156.68,2019-03-10,77.0,69.0,23.04,75.0
100,butaritari,KI,3.07,172.79,2019-03-10,82.19,100.0,15.82,76.0
101,anori,BR,-3.74,-61.66,2019-03-10,74.05,98.0,3.06,88.0
102,port lincoln,AU,-34.72,135.86,2019-03-10,67.79,89.0,12.01,56.0
103,samarina,RU,57.89,27.81,2019-03-10,28.4,100.0,6.71,92.0
104,mar del plata,AR,-46.43,-67.52,2019-03-10,67.16,42.0,8.43,0.0
105,nantucket,US,41.28,-70.1,2019-03-10,46.0,100.0,11.41,76.0
106,ilulissat,GL,69.22,-51.1,2019-03-10,10.4,72.0,9.17,76.0
107,saint george,GR,39.45,22.34,2019-03-10,50.0,75.0,4.7,40.0
108,lavrentiya,RU,65.58,-170.99,2019-03-10,16.31,100.0,42.43,80.0
109,port elizabeth,US,39.31,-74.98,2019-03-10,51.01,100.0,13.91,90.0
110,san andres,PH,13.32,122.68,2019-03-10,79.22,100.0,2.62,36.0
111,mae hong son,MM,19.3,97.96,2019-03-10,62.6,77.0,2.73,0.0
112,clyde river,CA,70.47,-68.59,2019-03-10,-22.01,74.0,2.24,1.0
113,ancud,CL,-41.87,-73.83,2019-03-10,55.4,82.0,0.94,0.0
114,richards bay,ZA,-28.77,32.06,2019-03-10,70.9,100.0,4.07,92.0
115,pacific grove,US,36.62,-121.92,2019-03-10,55.4,66.0,9.17,90.0
116,parintins,BR,-2.63,-56.73,2019-03-10,74.86,96.0,2.62,64.0
117,san fernando,CL,-34.58,-70.99,2019-03-10,69.8,49.0,5.82,36.0
118,kahului,US,20.89,-156.47,2019-03-10,77.0,69.0,23.04,75.0
119,provideniya,RU,64.42,-173.23,2019-03-10,19.4,73.0,26.84,75.0
120,danilov,RU,58.19,40.17,2019-03-10,33.8,93.0,11.18,40.0
121,gat,SN,14.69,-16.54,2019-03-10,69.8,52.0,17.22,0.0
122,portlethen,GB,57.05,-2.13,2019-03-10,36.0,78.0,20.8,75.0
123,antalaha,MG,-14.9,50.28,2019-03-10,75.94,100.0,4.18,100.0
124,olinda,EC,-2.03,-79.75,2019-03-10,78.01,94.0,8.05,75.0
125,dongsheng,CN,29.72,112.52,2019-03-10,59.51,63.0,10.0,80.0
126,namatanai,PG,-3.66,152.44,2019-03-10,79.09,100.0,6.53,92.0
127,ribeira grande,PT,38.52,-28.7,2019-03-10,61.36,95.0,17.49,76.0
128,podgornoye,RU,57.79,82.64,2019-03-10,22.97,76.0,9.44,80.0
129,chokurdakh,RU,70.62,147.9,2019-03-10,-1.65,81.0,3.18,88.0
130,tual,ID,-5.67,132.75,2019-03-10,80.12,100.0,9.33,64.0
131,souillac,FR,45.6,-0.6,2019-03-10,45.0,93.0,4.7,0.0
132,henties bay,NA,-22.12,14.28,2019-03-10,61.0,88.0,1.99,0.0
133,srednekolymsk,RU,67.46,153.71,2019-03-10,3.85,62.0,3.29,56.0
134,fasa,IR,28.94,53.65,2019-03-10,37.4,69.0,2.17,0.0
135,akdepe,TM,42.05,59.39,2019-03-10,35.6,74.0,4.7,0.0
136,georgiyevskoye,RU,44.16,39.25,2019-03-10,40.21,78.0,4.97,8.0
137,umm lajj,SA,25.02,37.27,2019-03-10,56.09,100.0,7.09,8.0
138,ruston,US,32.52,-92.64,2019-03-10,64.4,59.0,8.43,1.0
139,tobol,SE,59.83,12.54,2019-03-10,23.0,79.0,6.93,36.0
140,tullow,IE,52.8,-6.74,2019-03-10,39.99,81.0,19.46,75.0
141,upernavik,GL,72.79,-56.15,2019-03-10,-2.73,100.0,10.45,20.0
142,samoded,RU,63.61,40.52,2019-03-10,30.94,91.0,7.43,68.0
143,laguna,MX,27.52,-110.01,2019-03-10,69.8,46.0,4.7,90.0
144,zhigansk,RU,66.77,123.37,2019-03-10,9.74,75.0,2.51,64.0
145,katsuura,JP,33.93,134.5,2019-03-10,59.0,76.0,17.22,75.0
146,san juan,PR,18.47,-66.12,2019-03-10,78.8,78.0,11.41,20.0
147,caravelas,BR,-17.73,-39.27,2019-03-10,83.09,100.0,14.81,0.0
148,victoria,BN,5.28,115.24,2019-03-10,80.6,88.0,4.7,75.0
149,praxedis guerrero,MX,31.37,-106.02,2019-03-10,57.99,62.0,5.82,90.0
150,kaitangata,NZ,-46.28,169.85,2019-03-10,71.21,59.0,10.0,0.0
151,mayo,CA,63.59,-135.9,2019-03-10,35.6,47.0,2.24,90.0
152,esperance,TT,10.24,-61.45,2019-03-10,79.0,78.0,13.87,40.0
153,atuona,PF,-9.8,-139.03,2019-03-10,82.46,100.0,10.11,64.0
154,hervey bay,AU,-25.3,152.85,2019-03-10,87.8,52.0,9.17,64.0
155,taltal,CL,-25.41,-70.49,2019-03-10,56.54,96.0,2.39,0.0
156,peebles,GB,55.65,-3.19,2019-03-10,37.0,61.0,7.0,8.0
157,coihaique,CL,-45.58,-72.07,2019-03-10,59.0,58.0,3.36,0.0
158,qandala,SO,11.47,49.87,2019-03-10,63.47,96.0,5.41,0.0
159,sambava,MG,-14.27,50.17,2019-03-10,78.86,100.0,7.54,88.0
160,cheremukhovo,RU,56.23,46.23,2019-03-10,30.71,95.0,4.74,88.0
161,pareora,NZ,-44.49,171.21,2019-03-10,68.0,80.0,7.0,8.0
162,bayji,IQ,34.93,43.49,2019-03-10,38.14,78.0,3.85,0.0
163,saldanha,PT,41.42,-6.55,2019-03-10,36.16,82.0,2.39,0.0
164,ulladulla,AU,-35.36,150.48,2019-03-10,78.01,61.0,1.12,75.0
165,gelemso,ET,8.81,40.52,2019-03-10,47.18,71.0,3.74,0.0
166,avarua,CK,-21.21,-159.78,2019-03-10,86.0,70.0,12.75,100.0
167,muros,ES,42.77,-9.06,2019-03-10,52.0,93.0,8.05,0.0
168,bethel,US,60.79,-161.76,2019-03-10,37.4,93.0,4.7,90.0
169,ocampo,PH,13.56,123.37,2019-03-10,82.37,81.0,3.4,0.0
170,maryborough,AU,-25.54,152.7,2019-03-10,95.92,35.0,4.29,12.0
171,lowestoft,GB,52.48,1.75,2019-03-10,39.0,100.0,17.22,88.0
172,gumdag,TM,39.2,54.59,2019-03-10,38.72,85.0,4.07,0.0
173,lebu,ET,8.96,38.73,2019-03-10,41.47,79.0,3.18,0.0
174,forio,IT,40.73,13.86,2019-03-10,57.99,82.0,3.36,75.0
175,ossora,RU,59.24,163.07,2019-03-10,16.76,88.0,10.0,76.0
176,port alfred,ZA,-33.59,26.89,2019-03-10,66.0,97.0,7.0,92.0
177,henderson,US,36.04,-114.98,2019-03-10,59.0,46.0,11.41,90.0
178,mattru,SL,7.62,-11.83,2019-03-10,75.89,90.0,2.62,8.0
179,shumskiy,RU,54.83,99.13,2019-03-10,27.79,46.0,3.06,64.0
180,sao felix do xingu,BR,-6.64,-51.99,2019-03-10,74.99,96.0,2.39,44.0
181,mounana,GA,-1.38,13.16,2019-03-10,75.89,90.0,2.39,88.0
182,talnakh,RU,69.49,88.39,2019-03-10,17.93,83.0,12.01,88.0
183,semikarakorsk,RU,47.52,40.81,2019-03-10,37.4,80.0,20.13,0.0
184,taveta,TZ,-3.4,37.68,2019-03-10,71.6,78.0,11.41,20.0
185,mikkeli,FI,61.69,27.27,2019-03-10,14.0,87.0,1.01,44.0
186,kizukuri,JP,40.81,140.39,2019-03-10,44.6,93.0,11.41,75.0
187,ostrovnoy,RU,68.05,39.51,2019-03-10,17.8,92.0,13.02,92.0
188,diamantino,BR,-14.4,-56.44,2019-03-10,76.3,84.0,3.96,36.0
189,college,US,64.86,-147.8,2019-03-10,42.8,35.0,4.74,75.0
190,mount gambier,AU,-37.83,140.78,2019-03-10,62.6,67.0,13.87,90.0
191,bambous virieux,MU,-20.34,57.76,2019-03-10,75.0,88.0,4.7,20.0
192,rafai,CF,4.95,23.92,2019-03-10,68.42,75.0,3.62,0.0
193,salinas,US,36.67,-121.66,2019-03-10,55.4,66.0,9.17,90.0
194,petropavlovsk-kamchatskiy,RU,53.05,158.65,2019-03-10,24.8,45.0,15.66,0.0
195,sisimiut,GL,66.94,-53.67,2019-03-10,-4.53,64.0,1.61,44.0
196,kalundborg,DK,55.68,11.1,2019-03-10,30.99,86.0,4.7,0.0
197,iquitos,PE,-3.75,-73.25,2019-03-10,72.74,100.0,3.62,92.0
198,tiarei,PF,-17.53,-149.33,2019-03-10,84.2,70.0,8.05,75.0
199,samarai,PG,-10.62,150.67,2019-03-10,82.46,100.0,9.44,48.0
200,fonte boa,BR,-2.51,-66.09,2019-03-10,73.24,96.0,2.84,0.0
201,saint-philippe,CA,45.36,-73.48,2019-03-10,37.0,93.0,10.29,90.0
202,zhanaozen,KZ,43.35,52.85,2019-03-10,39.53,74.0,12.01,32.0
203,telhara,IN,21.03,76.85,2019-03-10,74.14,38.0,6.2,0.0
204,isiro,CD,2.77,27.62,2019-03-10,72.34,77.0,0.72,56.0
205,kodinsk,RU,58.6,99.18,2019-03-10,20.54,71.0,5.97,56.0
206,goundam,ML,16.42,-3.66,2019-03-10,58.34,46.0,8.21,0.0
207,simpang,MY,4.82,100.71,2019-03-10,78.8,88.0,2.24,75.0
208,mount isa,AU,-20.73,139.49,2019-03-10,96.8,30.0,5.82,0.0
209,penalva,BR,-3.29,-45.17,2019-03-10,75.71,95.0,4.63,20.0
210,lakatoro,VU,-16.11,167.42,2019-03-10,78.01,100.0,4.97,76.0
211,srandakan,ID,-7.94,110.25,2019-03-10,81.79,94.0,4.18,24.0
212,campos,PT,41.54,-8.28,2019-03-10,53.01,100.0,1.61,0.0
213,tiznit,MA,29.7,-9.73,2019-03-10,53.89,79.0,2.95,0.0
214,rawson,AR,-43.3,-65.11,2019-03-10,77.96,22.0,19.62,0.0
215,dakar,SN,14.69,-17.45,2019-03-10,69.8,52.0,17.22,0.0
216,nagapattinam,IN,10.76,79.84,2019-03-10,82.87,70.0,2.17,0.0
217,nedjo,ET,9.5,35.5,2019-03-10,60.82,47.0,4.63,8.0
218,sorland,NO,67.67,12.69,2019-03-10,32.92,100.0,11.79,44.0
219,kaliua,TZ,-5.06,31.79,2019-03-10,63.16,97.0,3.74,80.0
220,cortez,US,37.35,-108.58,2019-03-10,48.2,29.0,2.95,1.0
221,adrar,DZ,27.87,-0.29,2019-03-10,62.6,33.0,11.41,0.0
222,qaqortoq,GL,60.72,-46.03,2019-03-10,24.8,68.0,4.7,0.0
223,nabire,ID,-3.36,135.5,2019-03-10,82.73,72.0,2.51,32.0
224,sihora,IN,23.49,80.11,2019-03-10,73.19,41.0,5.53,0.0
225,denpasar,ID,-8.65,115.22,2019-03-10,84.2,83.0,9.17,20.0
226,dunedin,NZ,-45.87,170.5,2019-03-10,64.99,73.0,15.01,8.0
227,agirish,RU,61.92,63.02,2019-03-10,26.93,76.0,8.55,0.0
228,yarada,IN,17.65,83.27,2019-03-10,78.8,88.0,4.7,20.0
229,avera,US,33.19,-82.53,2019-03-10,68.0,93.0,5.41,75.0
230,shahreza,IR,32.01,51.87,2019-03-10,9.79,77.0,4.18,12.0
231,lermontovka,RU,47.15,134.34,2019-03-10,43.58,38.0,5.19,64.0
232,teguldet,RU,57.31,88.17,2019-03-10,21.22,70.0,10.0,48.0
233,bilibino,RU,68.06,166.44,2019-03-10,-0.84,63.0,3.18,8.0
234,salalah,OM,17.01,54.1,2019-03-10,75.2,15.0,6.93,0.0
235,morondava,MG,-20.3,44.28,2019-03-10,74.41,100.0,5.75,20.0
236,boulder city,US,35.98,-114.83,2019-03-10,55.4,46.0,11.41,90.0
237,shihezi,CN,44.3,86.03,2019-03-10,24.64,93.0,3.51,68.0
238,verkhnevilyuysk,RU,63.45,120.31,2019-03-10,11.32,69.0,4.29,56.0
239,sterling,US,39.0,-77.4,2019-03-10,55.99,100.0,13.02,1.0
240,linxia,CN,35.6,103.21,2019-03-10,35.62,44.0,3.74,44.0
241,russell,AR,-33.01,-68.8,2019-03-10,57.2,93.0,2.39,40.0
242,bayir,TR,37.27,28.22,2019-03-10,43.0,100.0,5.82,0.0
243,los llanos de aridane,ES,28.66,-17.92,2019-03-10,68.0,77.0,11.41,0.0
244,artyom,RU,43.36,132.19,2019-03-10,41.0,25.0,2.24,64.0
245,quchan,IR,37.11,58.51,2019-03-10,15.19,71.0,2.17,0.0
246,bhunya,SZ,-26.54,31.01,2019-03-10,62.6,100.0,4.7,92.0
247,airai,TL,-8.93,125.41,2019-03-10,75.31,78.0,2.39,92.0
248,capoterra,IT,39.18,8.97,2019-03-10,55.4,87.0,6.93,5.0
249,wakkanai,JP,45.41,141.67,2019-03-10,35.6,74.0,11.41,75.0
250,high rock,BS,26.63,-78.28,2019-03-10,75.67,100.0,13.47,0.0
251,saint-joseph,FR,43.56,6.97,2019-03-10,59.0,47.0,18.34,0.0
252,sydney mines,CA,46.24,-60.22,2019-03-10,24.01,85.0,8.05,75.0
253,faanui,PF,-16.48,-151.75,2019-03-10,82.01,100.0,6.08,64.0
254,luderitz,NA,-26.65,15.16,2019-03-10,59.42,84.0,12.46,0.0
255,kavieng,PG,-2.57,150.8,2019-03-10,82.69,100.0,15.26,80.0
256,constitucion,MX,23.99,-104.67,2019-03-10,58.57,22.0,8.32,0.0
257,northam,GB,51.04,-4.21,2019-03-10,43.0,86.0,25.28,8.0
258,emerald,AU,-23.53,148.16,2019-03-10,98.01,34.0,6.93,0.0
259,krasnoarmeysk,RU,56.12,38.15,2019-03-10,34.0,100.0,6.71,90.0
260,oriximina,BR,-1.77,-55.87,2019-03-10,75.67,97.0,2.62,68.0
261,cururupu,BR,-1.82,-44.87,2019-03-10,77.24,95.0,3.4,88.0
262,taoudenni,ML,22.68,-3.98,2019-03-10,55.37,39.0,10.78,0.0
263,mahibadhoo,MV,3.78,72.97,2019-03-10,82.01,100.0,5.86,12.0
264,ranong,TH,9.96,98.62,2019-03-10,77.0,94.0,2.24,0.0
265,anchorage,US,61.22,-149.89,2019-03-10,44.6,45.0,5.82,75.0
266,sao joao da barra,BR,-21.64,-41.05,2019-03-10,80.93,100.0,5.64,12.0
267,marawi,PH,8.0,124.29,2019-03-10,81.0,75.0,5.01,12.0
268,dingle,PH,11.0,122.67,2019-03-10,86.92,61.0,5.41,0.0
269,makinsk,KZ,52.63,70.42,2019-03-10,22.34,87.0,12.01,80.0
270,pisco,PE,-13.71,-76.2,2019-03-10,71.17,85.0,0.6,44.0
271,codrington,AU,-28.95,153.24,2019-03-10,96.8,49.0,8.05,32.0
272,teya,MX,21.05,-89.07,2019-03-10,89.6,40.0,11.41,20.0
273,alexandria,US,31.31,-92.44,2019-03-10,71.6,78.0,6.93,75.0
274,cam ranh,VN,11.92,109.15,2019-03-10,86.0,79.0,5.82,75.0
275,lalmohan,BD,22.34,90.74,2019-03-10,79.9,82.0,3.85,0.0
276,vostok,RU,46.45,135.83,2019-03-10,36.34,50.0,3.96,68.0
277,camacha,PT,33.08,-16.33,2019-03-10,60.8,77.0,11.41,40.0
278,naze,NG,5.43,7.07,2019-03-10,73.01,93.0,3.74,20.0
279,isangel,VU,-19.55,169.27,2019-03-10,86.0,74.0,3.36,75.0
280,buala,SB,-8.15,159.59,2019-03-10,81.16,100.0,2.84,8.0
281,idlib,SY,35.93,36.64,2019-03-10,57.2,82.0,6.93,40.0
282,alice springs,AU,-23.7,133.88,2019-03-10,100.4,16.0,12.75,0.0
283,kitimat,CA,54.02,-128.69,2019-03-10,33.01,80.0,24.16,90.0
284,fort nelson,CA,58.81,-122.69,2019-03-10,32.0,78.0,4.18,75.0
285,san quintin,PH,17.54,120.52,2019-03-10,84.04,46.0,3.74,0.0
286,tyumentsevo,RU,53.32,81.5,2019-03-10,9.79,81.0,10.78,68.0
287,hambantota,LK,6.12,81.12,2019-03-10,73.4,100.0,3.36,90.0
288,collie,AU,-33.36,116.15,2019-03-10,70.0,44.0,8.77,0.0
289,auki,NG,12.18,6.51,2019-03-10,68.56,48.0,3.85,0.0
290,bonavista,CA,48.65,-53.11,2019-03-10,23.0,81.0,1.99,0.0
291,birganj,NP,27.01,84.88,2019-03-10,71.21,31.0,4.29,0.0
292,champerico,MX,16.38,-93.6,2019-03-10,86.0,51.0,14.99,5.0
293,oussouye,SN,12.49,-16.54,2019-03-10,68.24,84.0,8.66,0.0
294,mogadishu,SO,2.04,45.34,2019-03-10,80.84,100.0,19.17,48.0
295,virginia beach,US,36.85,-75.98,2019-03-10,69.8,77.0,10.29,1.0
296,guangyuan,CN,32.43,105.86,2019-03-10,59.0,61.0,2.28,0.0
297,homer,US,59.64,-151.54,2019-03-10,42.8,70.0,5.82,90.0
298,cherskiy,RU,68.75,161.3,2019-03-10,-4.8,67.0,2.62,8.0
299,grindavik,IS,63.84,-22.43,2019-03-10,30.2,68.0,9.17,0.0
300,ayan,TR,40.67,33.6,2019-03-10,27.29,77.0,2.51,44.0
301,san carlos de bariloche,AR,-41.13,-71.31,2019-03-10,60.8,55.0,6.93,0.0
302,roald,NO,62.58,6.12,2019-03-10,32.0,90.0,9.17,64.0
303,caibarien,CU,22.52,-79.47,2019-03-10,75.2,78.0,12.75,40.0
304,ambulu,ID,-8.35,113.61,2019-03-10,85.07,96.0,2.95,0.0
305,inhambane,MZ,-23.87,35.38,2019-03-10,78.82,87.0,11.79,100.0
306,cairns,AU,-16.92,145.77,2019-03-10,91.0,62.0,10.29,40.0
307,kloulklubed,PW,7.04,134.26,2019-03-10,77.0,94.0,14.99,90.0
308,lerik,AZ,38.78,48.42,2019-03-10,42.8,87.0,4.74,32.0
309,eskisehir,TR,39.78,30.52,2019-03-10,37.4,93.0,6.2,0.0
310,hegang,CN,47.34,130.28,2019-03-10,35.71,53.0,3.18,88.0
311,nhulunbuy,AU,-12.18,136.78,2019-03-10,77.0,94.0,8.05,75.0
312,sembabule,UG,-0.08,31.46,2019-03-10,57.4,84.0,2.28,0.0
313,svetlaya,RU,46.54,138.33,2019-03-10,32.78,86.0,4.18,48.0
314,anadyr,RU,64.73,177.51,2019-03-10,3.2,84.0,6.71,90.0
315,pemba,MZ,-12.97,40.52,2019-03-10,77.0,94.0,4.7,75.0
316,poladpur,IN,17.98,73.47,2019-03-10,72.07,88.0,4.29,0.0
317,hofn,IS,64.25,-15.21,2019-03-10,37.73,100.0,15.59,76.0
318,baijiantan,CN,45.63,85.18,2019-03-10,26.21,85.0,2.28,64.0
319,kelvington,CA,52.16,-103.52,2019-03-10,2.05,55.0,8.21,24.0
320,tongzi,CN,28.78,105.09,2019-03-10,56.59,96.0,3.74,92.0
321,padang,ID,-0.92,100.36,2019-03-10,78.8,83.0,2.24,40.0
322,marbella,ES,36.51,-4.89,2019-03-10,55.4,87.0,3.36,0.0
323,tura,IN,25.52,90.21,2019-03-10,70.0,72.0,3.74,0.0
324,yunyang,CN,32.84,110.81,2019-03-10,64.0,34.0,5.99,64.0
325,steubenville,US,40.37,-80.63,2019-03-10,44.01,56.0,16.11,1.0
326,fenoarivo,MG,-18.93,47.44,2019-03-10,66.2,88.0,4.7,75.0
327,dalby,AU,-27.18,151.26,2019-03-10,98.01,36.0,14.99,0.0
328,cascais,PT,38.7,-9.42,2019-03-10,55.99,87.0,16.11,20.0
329,haines junction,CA,60.75,-137.51,2019-03-10,26.71,76.0,4.85,76.0
330,yerofey pavlovich,RU,53.97,121.97,2019-03-10,18.29,39.0,10.78,76.0
331,byron bay,AU,-28.65,153.62,2019-03-10,96.8,70.0,17.22,44.0
332,narsaq,GL,60.91,-46.05,2019-03-10,24.8,68.0,4.7,0.0
333,benguela,AO,-12.58,13.4,2019-03-10,79.72,100.0,4.52,48.0
334,privolnaya,RU,46.14,38.7,2019-03-10,36.74,87.0,13.69,8.0
335,erandio,ES,43.3,-2.97,2019-03-10,52.0,87.0,3.36,92.0
336,buchanan,LR,5.88,-10.05,2019-03-10,77.0,94.0,3.36,40.0
337,murdochville,CA,48.96,-65.49,2019-03-10,23.56,74.0,12.01,92.0
338,leningradskiy,RU,69.38,178.42,2019-03-10,-4.71,80.0,1.39,48.0
339,ucluelet,CA,48.94,-125.55,2019-03-10,45.0,75.0,3.36,75.0
340,kilindoni,TZ,-7.91,39.67,2019-03-10,81.74,100.0,13.02,12.0
341,batticaloa,LK,7.71,81.69,2019-03-10,81.11,98.0,3.4,92.0
342,klaksvik,FO,62.23,-6.59,2019-03-10,35.6,93.0,13.87,8.0
343,martapura,ID,-3.41,114.85,2019-03-10,82.4,83.0,4.7,75.0
344,charters towers,AU,-20.07,146.27,2019-03-10,87.01,69.0,4.97,0.0
345,araouane,ML,18.9,-3.53,2019-03-10,51.55,35.0,6.76,0.0
346,ponta do sol,BR,-20.63,-46.0,2019-03-10,64.24,95.0,1.72,68.0
347,frunze,UA,46.83,29.88,2019-03-10,51.59,51.0,13.8,88.0
348,camopi,GF,3.17,-52.33,2019-03-10,74.14,96.0,2.73,68.0
349,flinders,AU,-34.58,150.85,2019-03-10,84.99,61.0,1.12,75.0
350,shieli,KZ,44.18,66.74,2019-03-10,29.59,84.0,10.22,0.0
351,carahue,CL,-38.71,-73.16,2019-03-10,59.0,87.0,6.93,0.0
352,wadi musa,JO,30.32,35.48,2019-03-10,37.42,91.0,2.17,48.0
353,vardo,US,39.62,-77.74,2019-03-10,48.2,81.0,4.7,1.0
354,san pascual,PH,13.78,121.03,2019-03-10,82.0,80.0,3.0,0.0
355,the pas,CA,53.82,-101.24,2019-03-10,6.8,65.0,3.36,1.0
356,iracoubo,GF,5.48,-53.21,2019-03-10,77.11,82.0,5.97,100.0
357,kempele,FI,64.91,25.51,2019-03-10,23.0,85.0,9.17,88.0
358,la ronge,CA,55.1,-105.3,2019-03-10,19.4,57.0,8.05,5.0
359,severo-kurilsk,RU,50.68,156.12,2019-03-10,28.51,97.0,18.28,64.0
360,banff,CA,51.18,-115.57,2019-03-10,8.03,82.0,1.83,0.0
361,sri aman,MY,1.24,111.46,2019-03-10,75.2,100.0,2.24,75.0
362,fairbanks,US,64.84,-147.72,2019-03-10,42.8,35.0,4.74,75.0
363,gisborne,NZ,-38.66,178.02,2019-03-10,73.99,71.0,4.0,64.0
364,terra santa,BR,-2.1,-56.49,2019-03-10,76.34,95.0,2.73,80.0
365,port-cartier,CA,50.03,-66.88,2019-03-10,27.0,86.0,13.87,90.0
366,nuuk,GL,64.17,-51.74,2019-03-10,17.6,72.0,6.93,64.0
367,rathdrum,IE,52.93,-6.23,2019-03-10,35.01,100.0,13.87,75.0
368,mackenzie,CA,55.34,-123.09,2019-03-10,28.4,79.0,11.41,90.0
369,ratnagiri,IN,16.98,73.3,2019-03-10,77.24,100.0,11.23,0.0
370,galesong,ID,-5.32,119.37,2019-03-10,84.2,79.0,4.7,20.0
371,bundaberg,AU,-24.87,152.35,2019-03-10,88.0,52.0,9.17,24.0
372,vilhena,BR,-12.74,-60.15,2019-03-10,71.35,92.0,0.94,56.0
373,eureka,US,40.8,-124.16,2019-03-10,52.0,76.0,11.41,1.0
374,port blair,IN,11.67,92.75,2019-03-10,73.4,88.0,2.24,20.0
375,gatton,AU,-27.56,152.28,2019-03-10,100.99,37.0,6.93,75.0
376,jacareacanga,BR,-6.22,-57.76,2019-03-10,75.49,95.0,1.95,12.0
377,vetluzhskiy,RU,58.39,45.47,2019-03-10,32.96,94.0,4.97,56.0
378,evansville,US,37.97,-87.56,2019-03-10,46.4,70.0,3.36,1.0
379,yumen,CN,40.29,97.04,2019-03-10,36.34,48.0,1.61,0.0
380,opuwo,NA,-18.06,13.84,2019-03-10,54.92,62.0,3.4,0.0
381,phalaborwa,ZA,-23.95,31.14,2019-03-10,71.6,88.0,4.7,20.0
382,valdivia,CL,-39.81,-73.25,2019-03-10,55.4,87.0,2.24,0.0
383,hirado,JP,33.32,129.49,2019-03-10,62.01,71.0,5.82,20.0
384,beira,ES,43.2,-8.36,2019-03-10,53.01,93.0,4.7,48.0
385,shadrinsk,RU,56.09,63.63,2019-03-10,25.04,83.0,3.29,88.0
386,goshen,US,41.58,-85.83,2019-03-10,35.6,86.0,12.75,1.0
387,sungaipenuh,ID,-2.08,101.38,2019-03-10,74.99,80.0,1.16,44.0
388,marzuq,YE,14.4,46.47,2019-03-10,45.61,84.0,2.39,0.0
389,kieta,PG,-6.22,155.63,2019-03-10,79.94,95.0,13.02,88.0
390,ixtapa,MX,20.71,-105.21,2019-03-10,77.0,83.0,5.82,5.0
391,arona,IT,45.76,8.56,2019-03-10,52.0,93.0,4.7,0.0
392,hobyo,SO,5.35,48.53,2019-03-10,77.74,88.0,17.38,88.0
393,verkhneyarkeyevo,RU,55.45,54.3,2019-03-10,34.81,97.0,7.65,88.0
394,atar,MR,20.52,-13.05,2019-03-10,61.9,36.0,9.66,0.0
395,cidreira,BR,-30.17,-50.22,2019-03-10,66.98,99.0,11.68,88.0
396,stykkisholmur,IS,65.08,-22.73,2019-03-10,19.82,100.0,6.2,0.0
397,pantai remis,MY,4.46,100.63,2019-03-10,78.8,88.0,2.95,75.0
398,honiara,SB,-9.43,159.96,2019-03-10,82.46,80.0,2.95,56.0
399,tete,MZ,-16.16,33.59,2019-03-10,73.0,100.0,3.36,20.0
400,buraydah,SA,26.33,43.97,2019-03-10,50.0,57.0,3.36,0.0
401,melivoia,GR,41.33,24.93,2019-03-10,50.0,100.0,3.06,75.0
402,alghero,IT,40.56,8.32,2019-03-10,53.6,93.0,6.93,0.0
403,tucurui,BR,-3.77,-49.67,2019-03-10,75.4,95.0,3.18,92.0
404,ndago,UG,-0.97,29.98,2019-03-10,51.19,100.0,1.95,0.0
405,comodoro rivadavia,AR,-45.87,-67.48,2019-03-10,82.4,30.0,3.36,0.0
406,ndungu,TZ,-4.38,38.06,2019-03-10,58.57,83.0,2.28,0.0
407,monrovia,LR,6.33,-10.8,2019-03-10,77.0,94.0,3.36,40.0
408,pasighat,IN,28.06,95.33,2019-03-10,63.11,61.0,1.72,0.0
409,hamilton,BM,32.3,-64.78,2019-03-10,62.6,59.0,6.93,40.0
410,sigli,ID,5.38,95.96,2019-03-10,80.8,98.0,3.06,8.0
411,piterka,RU,50.68,47.44,2019-03-10,37.15,85.0,18.16,92.0
412,catania,IT,37.5,15.09,2019-03-10,54.0,93.0,2.24,0.0
413,nainpur,IN,22.43,80.11,2019-03-10,76.52,42.0,3.96,0.0
414,hovd,NO,63.83,10.7,2019-03-10,28.0,100.0,5.82,75.0
415,ballina,IE,54.11,-9.15,2019-03-10,44.01,87.0,8.99,68.0
416,taywarah,AF,33.35,64.42,2019-03-10,15.64,82.0,2.51,64.0
417,shingu,JP,33.72,135.99,2019-03-10,57.2,67.0,18.34,40.0
418,marsa matruh,EG,31.35,27.25,2019-03-10,48.2,87.0,3.36,0.0
419,nurota,UZ,40.56,65.69,2019-03-10,41.0,80.0,11.41,0.0
420,magan,RU,62.1,129.53,2019-03-10,-0.41,70.0,2.24,0.0
421,egvekinot,RU,66.32,-179.17,2019-03-10,-2.14,66.0,15.14,44.0
422,krivodol,HR,43.64,16.81,2019-03-10,55.4,76.0,3.36,92.0
423,det udom,TH,14.9,105.08,2019-03-10,82.4,61.0,2.24,0.0
424,toucheng,TW,24.86,121.82,2019-03-10,63.0,72.0,12.75,75.0
425,touros,BR,-5.2,-35.46,2019-03-10,78.8,94.0,2.24,40.0
426,tromso,NO,69.65,18.96,2019-03-10,15.8,85.0,6.93,0.0
427,trofors,NO,65.54,13.39,2019-03-10,24.8,58.0,5.82,48.0
428,fuente de oro,CO,3.46,-73.62,2019-03-10,67.21,96.0,2.39,88.0
429,zheleznodorozhnyy,RU,55.75,38.0,2019-03-10,34.0,96.0,11.18,75.0
430,kholm-zhirkovskiy,RU,55.52,33.47,2019-03-10,32.2,95.0,7.54,88.0
431,husavik,CA,50.56,-96.99,2019-03-10,10.99,80.0,5.75,12.0
432,waingapu,ID,-9.65,120.26,2019-03-10,83.63,77.0,3.29,80.0
433,quelimane,MZ,-17.88,36.89,2019-03-10,77.0,94.0,2.24,20.0
434,port hedland,AU,-20.31,118.58,2019-03-10,93.2,67.0,13.87,0.0
435,mul,IN,20.07,79.68,2019-03-10,81.02,60.0,8.43,0.0
436,bud,NO,62.91,6.91,2019-03-10,32.0,100.0,9.17,64.0
437,mandera,ET,3.94,41.86,2019-03-10,75.0,17.0,1.99,0.0
438,hillsboro,US,39.16,-89.49,2019-03-10,43.0,78.0,3.36,1.0
439,isla mujeres,MX,21.23,-86.73,2019-03-10,78.8,83.0,6.93,40.0
440,lorengau,PG,-2.02,147.27,2019-03-10,79.31,100.0,16.26,92.0
441,suntar,RU,62.16,117.65,2019-03-10,13.52,63.0,4.07,56.0
442,beloha,MG,-25.17,45.06,2019-03-10,72.47,77.0,12.68,32.0
443,waterloo,CA,43.47,-80.52,2019-03-10,37.99,74.0,25.28,90.0
444,tuatapere,NZ,-46.13,167.69,2019-03-10,68.0,71.0,1.01,92.0
445,lagoa,PT,37.14,-8.45,2019-03-10,60.8,77.0,6.93,0.0
446,mahebourg,MU,-20.41,57.7,2019-03-10,75.0,88.0,4.7,20.0
447,tiksi,RU,71.64,128.87,2019-03-10,-7.09,59.0,3.96,8.0
448,altamira,BR,-3.2,-52.21,2019-03-10,76.75,93.0,2.62,68.0
449,sechura,PE,-5.56,-80.82,2019-03-10,75.67,87.0,4.18,76.0
450,alberdi,AR,-26.19,-58.14,2019-03-10,73.4,88.0,5.82,90.0
451,kataysk,RU,56.29,62.58,2019-03-10,22.12,78.0,4.52,88.0
452,praia da vitoria,PT,38.73,-27.07,2019-03-10,60.8,87.0,17.05,75.0
453,elko,US,40.83,-115.76,2019-03-10,37.4,59.0,20.8,1.0
454,ogembo,KE,-0.8,34.73,2019-03-10,55.15,90.0,3.06,0.0
455,ouesso,CG,1.61,16.05,2019-03-10,74.95,90.0,2.17,0.0
456,mahabaleshwar,IN,17.92,73.66,2019-03-10,69.86,66.0,1.95,0.0
457,irricana,CA,51.32,-113.6,2019-03-10,28.0,49.0,6.93,75.0
458,shelburne,CA,44.08,-80.2,2019-03-10,37.0,74.0,16.11,90.0
459,waikuku,NZ,-43.29,172.68,2019-03-10,66.0,77.0,19.46,12.0
460,tarakan,ID,3.3,117.63,2019-03-10,75.2,94.0,1.95,75.0
461,rocha,UY,-34.48,-54.34,2019-03-10,55.15,88.0,5.97,0.0
462,road town,VG,18.42,-64.62,2019-03-10,77.0,78.0,9.17,1.0
463,erenhot,CN,43.65,111.97,2019-03-10,32.74,37.0,11.79,76.0
464,palu,ID,-0.9,119.87,2019-03-10,77.87,65.0,1.61,32.0
465,betanzos,ES,43.28,-8.21,2019-03-10,53.01,93.0,4.7,48.0
466,tazovskiy,RU,67.47,78.7,2019-03-10,19.82,86.0,8.77,76.0
467,jumla,NP,29.28,82.18,2019-03-10,24.68,76.0,1.95,0.0
468,kalmar,SE,56.66,16.36,2019-03-10,30.99,74.0,9.17,0.0
469,meulaboh,ID,4.14,96.13,2019-03-10,81.25,100.0,3.06,0.0
470,biltine,TD,14.53,20.93,2019-03-10,67.12,21.0,14.92,0.0
471,kiruna,SE,67.86,20.23,2019-03-10,3.2,84.0,3.36,20.0
472,terrace,CA,54.52,-128.61,2019-03-10,33.01,71.0,24.16,90.0
473,bonthe,SL,7.53,-12.5,2019-03-10,77.47,96.0,2.28,0.0
474,honavar,IN,14.28,74.45,2019-03-10,77.92,93.0,2.39,12.0
475,litija,SI,46.06,14.83,2019-03-10,50.0,100.0,8.05,40.0
476,oakham,GB,52.67,-0.73,2019-03-10,37.99,74.0,26.4,12.0
477,pelileo,EC,-1.33,-78.55,2019-03-10,51.8,87.0,17.22,40.0
478,mollendo,PE,-17.03,-72.02,2019-03-10,64.51,84.0,2.39,12.0
479,manzanillo,CU,20.34,-77.12,2019-03-10,81.29,95.0,20.85,0.0
480,ternate,PH,14.29,120.72,2019-03-10,88.0,69.0,2.24,20.0
481,saint anthony,US,43.97,-111.68,2019-03-10,30.2,63.0,4.18,1.0
482,casian,RO,44.5,28.48,2019-03-10,57.99,47.0,12.75,0.0
483,oranjemund,ZA,-28.55,16.43,2019-03-10,62.12,96.0,0.38,32.0
484,nizwa,OM,22.93,57.53,2019-03-10,40.84,80.0,2.73,0.0
485,iqaluit,CA,63.75,-68.52,2019-03-10,-16.01,75.0,2.95,5.0
486,tevaitoa,PF,-16.78,-151.5,2019-03-10,81.56,100.0,9.44,76.0
487,misratah,LY,32.38,15.09,2019-03-10,58.79,92.0,8.32,92.0
488,lokomotivnyy,RU,53.01,60.57,2019-03-10,35.84,94.0,14.25,80.0
489,roros,NO,62.57,11.38,2019-03-10,8.6,92.0,4.7,36.0
490,palmaner,IN,13.2,78.75,2019-03-10,76.07,63.0,3.06,0.0
491,varhaug,NO,58.61,5.65,2019-03-10,36.0,59.0,5.82,75.0
492,duku,NG,11.24,4.91,2019-03-10,72.7,50.0,4.07,12.0
493,lloydminster,CA,53.28,-110.01,2019-03-10,14.0,78.0,14.99,40.0
494,jalu,LY,29.03,21.55,2019-03-10,50.92,50.0,5.53,0.0
495,gushikawa,JP,26.35,127.87,2019-03-10,68.0,56.0,10.29,75.0
496,rock sound,BS,24.9,-76.2,2019-03-10,76.21,100.0,16.26,88.0
497,jovellar,PH,13.07,123.6,2019-03-10,83.32,77.0,3.18,0.0
498,parana,BR,-7.52,-72.89,2019-03-10,77.0,100.0,2.73,40.0
499,paris,FR,48.86,2.35,2019-03-10,43.0,80.0,17.22,76.0
500,pangai,TO,-19.8,-174.35,2019-03-10,84.2,79.0,10.29,40.0
501,kargil,PK,34.56,76.13,2019-03-10,0.56,76.0,1.61,76.0
502,kuppam,IN,12.75,78.34,2019-03-10,84.99,54.0,3.74,0.0
503,yermekeyevo,RU,54.07,53.67,2019-03-10,33.77,95.0,11.79,92.0
504,hailar,CN,49.2,119.7,2019-03-10,22.84,32.0,18.84,44.0
505,maniitsoq,GL,65.42,-52.9,2019-03-10,9.47,95.0,6.64,64.0
506,acapulco,MX,16.86,-99.88,2019-03-10,73.64,84.0,4.07,0.0
507,zhuhai,CN,40.71,112.04,2019-03-10,28.4,63.0,4.47,0.0
508,maracacume,BR,-2.04,-45.96,2019-03-10,75.62,96.0,2.73,80.0
509,amapa,HN,15.09,-87.97,2019-03-10,78.8,83.0,9.17,20.0
510,cockburn town,TC,21.46,-71.14,2019-03-10,76.88,100.0,20.07,92.0
511,san matias,HN,13.97,-86.63,2019-03-10,71.6,53.0,4.7,20.0
512,payson,US,40.04,-111.73,2019-03-10,42.8,74.0,6.93,90.0
513,tingi,TZ,-11.3,35.03,2019-03-10,76.21,100.0,3.4,68.0
514,porto velho,BR,-8.75,-63.87,2019-03-10,75.2,94.0,4.7,40.0
515,esna,RO,45.2,27.57,2019-03-10,54.02,52.0,10.22,88.0
516,nova russas,BR,-4.71,-40.57,2019-03-10,72.74,85.0,6.2,68.0
517,cartagena,ES,37.63,-1.0,2019-03-10,55.0,87.0,6.93,0.0
518,belaya gora,RU,68.54,146.19,2019-03-10,-5.07,81.0,4.63,68.0
519,ponta delgada,PT,37.73,-25.67,2019-03-10,59.0,82.0,12.75,40.0
520,ust-tsilma,RU,65.44,52.15,2019-03-10,12.62,71.0,3.18,32.0
521,quatre cocos,MU,-20.21,57.76,2019-03-10,75.0,88.0,4.7,20.0
522,rockland,US,42.13,-70.92,2019-03-10,39.99,100.0,8.99,90.0
523,impfondo,CD,1.62,18.06,2019-03-10,71.89,96.0,2.95,0.0
524,mananjary,MG,-19.16,46.8,2019-03-10,62.93,93.0,10.67,88.0
525,kristinehamn,SE,59.31,14.11,2019-03-10,27.0,85.0,6.93,64.0
526,pangnirtung,CA,66.15,-65.72,2019-03-10,-15.6,68.0,4.07,36.0
527,farmington,US,36.73,-108.21,2019-03-10,51.8,18.0,2.95,1.0
528,pangody,RU,65.85,74.49,2019-03-10,25.94,89.0,15.48,88.0
529,lang son,VN,21.83,106.73,2019-03-10,66.67,77.0,4.97,32.0
530,axim,GH,4.87,-2.24,2019-03-10,81.92,100.0,4.41,24.0
531,port macquarie,AU,-31.43,152.91,2019-03-10,91.99,42.0,5.82,0.0
532,tchamba,TG,9.03,1.42,2019-03-10,67.12,88.0,2.62,12.0
533,cabedelo,BR,-6.97,-34.84,2019-03-10,78.8,83.0,4.7,0.0
534,sinnamary,GF,5.38,-52.96,2019-03-10,79.09,97.0,13.47,88.0
535,boa vista,BR,2.82,-60.67,2019-03-10,86.0,51.0,11.41,0.0
536,puerto escondido,MX,15.86,-97.07,2019-03-10,82.4,69.0,5.82,20.0
537,apen,DE,53.22,7.81,2019-03-10,37.99,93.0,9.17,75.0
538,luwuk,ID,-0.95,122.79,2019-03-10,85.43,82.0,2.51,8.0
539,gasa,BT,27.91,89.73,2019-03-10,4.43,47.0,1.72,0.0
540,idanre,NG,7.11,5.11,2019-03-10,73.06,93.0,0.27,80.0
541,dasoguz,TM,41.84,59.97,2019-03-10,35.6,74.0,6.93,0.0
542,lasa,CY,34.92,32.53,2019-03-10,50.0,87.0,6.93,20.0
543,novouzensk,RU,50.46,48.14,2019-03-10,36.38,87.0,17.38,92.0
544,hokitika,NZ,-42.72,170.96,2019-03-10,66.22,84.0,4.07,64.0
545,bogotol,RU,56.21,89.53,2019-03-10,20.27,76.0,10.67,64.0
546,riyadh,SA,24.63,46.72,2019-03-10,48.2,34.0,4.41,0.0
547,rapid valley,US,44.06,-103.15,2019-03-10,27.0,73.0,3.62,1.0
548,pruhonice,CZ,50.0,14.55,2019-03-10,39.99,69.0,17.22,40.0
549,lukulu,ZM,-14.38,23.24,2019-03-10,67.39,93.0,3.62,68.0
550,koumac,NC,-20.56,164.28,2019-03-10,80.8,84.0,3.96,68.0
551,sola,NO,58.89,5.65,2019-03-10,36.0,59.0,5.82,75.0
552,wanaka,NZ,-44.7,169.14,2019-03-10,63.61,59.0,3.51,64.0
553,greenwood,US,32.03,-101.9,2019-03-10,46.4,81.0,9.17,36.0
554,mount abu,IN,24.59,72.71,2019-03-10,65.99,64.0,3.96,0.0
555,waddan,LY,29.16,16.14,2019-03-10,44.84,45.0,4.07,0.0
556,itaituba,BR,-4.26,-55.99,2019-03-10,75.17,96.0,1.16,56.0
557,atasu,KZ,48.68,71.64,2019-03-10,21.22,87.0,3.85,48.0
558,pimentel,BR,-3.7,-45.5,2019-03-10,74.32,95.0,3.18,36.0
559,buluang,PH,10.47,123.98,2019-03-10,82.4,65.0,3.36,75.0
560,tres arroyos,AR,-38.38,-60.28,2019-03-10,59.33,49.0,9.78,0.0
561,berlevag,NO,70.86,29.09,2019-03-10,10.6,100.0,8.21,0.0
562,san luis,AR,-33.3,-66.34,2019-03-10,61.54,59.0,4.52,64.0
563,mayumba,GA,-3.44,10.65,2019-03-10,79.76,97.0,2.84,32.0
564,rognan,NO,67.1,15.4,2019-03-10,17.01,66.0,16.11,0.0
565,mitsamiouli,KM,-11.38,43.28,2019-03-10,82.91,96.0,13.47,32.0
566,chalisgaon,IN,20.46,75.0,2019-03-10,73.91,52.0,3.06,0.0
567,komsomolskiy,RU,67.55,63.78,2019-03-10,19.15,87.0,4.52,76.0
